Line.l0.1,400.0
Line.l0.2,400.0
Line.l0.3,400.0
Line.l1.2,400.0
Line.l2.3,400.0
Line.l3.1,400.0
Line.l3.2,400.0
Line.l3.3,400.0
Line.l4.3,400.0
Line.l5.3,400.0
Line.l6.3,400.0
Line.l7.1,400.0
Line.l7.2,400.0
Line.l7.3,400.0
Line.l8.2,400.0
Line.l9.1,400.0
Line.l10.1,400.0
Line.l10.2,400.0
Line.l10.3,400.0
Line.l11.1,400.0
Line.l12.3,400.0
Line.l13.1,400.0
Line.l13.2,400.0
Line.l13.3,400.0
Line.l14.1,400.0
Line.l15.1,400.0
Line.l16.3,400.0
Line.l17.3,400.0
Line.l18.1,400.0
Line.l19.1,400.0
Line.l19.2,400.0
Line.l19.3,400.0
Line.l20.1,400.0
Line.l21.2,400.0
Line.l22.1,400.0
Line.l22.2,400.0
Line.l22.3,400.0
Line.l23.3,400.0
Line.l24.1,400.0
Line.l24.2,400.0
Line.l24.3,400.0
Line.l25.1,400.0
Line.l25.3,400.0
Line.l26.1,400.0
Line.l26.2,400.0
Line.l26.3,400.0
Line.l27.1,400.0
Line.l27.3,400.0
Line.l28.3,400.0
Line.l29.1,400.0
Line.l30.1,400.0
Line.l30.2,400.0
Line.l30.3,400.0
Line.l31.1,400.0
Line.l31.2,400.0
Line.l31.3,400.0
Line.l32.1,400.0
Line.l32.2,400.0
Line.l32.3,400.0
Line.l33.3,400.0
Line.l34.3,400.0
Line.l35.1,400.0
Line.l35.2,400.0
Line.l36.1,400.0
Line.l36.2,400.0
Line.l36.3,400.0
Line.l37.1,400.0
Line.l38.2,400.0
Line.l39.2,400.0
Line.l40.3,400.0
Line.l41.1,400.0
Line.l41.2,400.0
Line.l41.3,400.0
Line.l42.2,400.0
Line.l43.1,400.0
Line.l43.2,400.0
Line.l43.3,400.0
Line.l44.1,400.0
Line.l45.1,400.0
Line.l45.2,400.0
Line.l45.3,400.0
Line.l46.1,400.0
Line.l47.1,400.0
Line.l47.2,400.0
Line.l47.3,400.0
Line.l48.1,400.0
Line.l48.2,400.0
Line.l48.3,400.0
Line.l49.1,400.0
Line.l49.2,400.0
Line.l49.3,400.0
Line.l50.1,400.0
Line.l50.2,400.0
Line.l50.3,400.0
Line.l51.1,400.0
Line.l51.2,400.0
Line.l51.3,400.0
Line.l52.1,400.0
Line.l52.2,400.0
Line.l52.3,400.0
Line.l53.1,400.0
Line.l53.2,400.0
Line.l53.3,400.0
Line.l54.1,400.0
Line.l54.2,400.0
Line.l54.3,400.0
Line.l55.1,400.0
Line.l55.2,400.0
Line.l55.3,400.0
Line.l56.1,400.0
Line.l56.2,400.0
Line.l56.3,400.0
Line.l57.2,400.0
Line.l58.1,400.0
Line.l58.2,400.0
Line.l58.3,400.0
Line.l59.2,400.0
Line.l60.1,400.0
Line.l60.2,400.0
Line.l60.3,400.0
Line.l61.1,400.0
Line.l61.2,400.0
Line.l61.3,400.0
Line.l62.1,400.0
Line.l62.2,400.0
Line.l62.3,400.0
Line.l63.1,400.0
Line.l63.2,400.0
Line.l63.3,400.0
Line.l64.1,400.0
Line.l64.2,400.0
Line.l64.3,400.0
Line.l65.1,400.0
Line.l65.2,400.0
Line.l65.3,400.0
Line.l66.1,400.0
Line.l67.1,400.0
Line.l67.2,400.0
Line.l67.3,400.0
Line.l68.1,400.0
Line.l68.2,400.0
Line.l68.3,400.0
Line.l69.1,400.0
Line.l70.1,400.0
Line.l71.1,400.0
Line.l72.3,400.0
Line.l73.1,400.0
Line.l73.2,400.0
Line.l73.3,400.0
Line.l74.3,400.0
Line.l75.3,400.0
Line.l76.1,400.0
Line.l76.2,400.0
Line.l76.3,400.0
Line.l77.1,400.0
Line.l77.2,400.0
Line.l77.3,400.0
Line.l78.1,400.0
Line.l78.2,400.0
Line.l78.3,400.0
Line.l79.1,400.0
Line.l79.2,400.0
Line.l79.3,400.0
Line.l80.1,400.0
Line.l80.2,400.0
Line.l80.3,400.0
Line.l81.1,400.0
Line.l81.2,400.0
Line.l81.3,400.0
Line.l82.1,400.0
Line.l82.2,400.0
Line.l82.3,400.0
Line.l83.3,400.0
Line.l84.1,400.0
Line.l84.2,400.0
Line.l84.3,400.0
Line.l85.3,400.0
Line.l86.1,400.0
Line.l86.2,400.0
Line.l86.3,400.0
Line.l87.1,400.0
Line.l88.1,400.0
Line.l88.2,400.0
Line.l88.3,400.0
Line.l89.2,400.0
Line.l90.1,400.0
Line.l90.2,400.0
Line.l90.3,400.0
Line.l91.3,400.0
Line.l92.1,400.0
Line.l92.2,400.0
Line.l92.3,400.0
Line.l93.1,400.0
Line.l94.1,400.0
Line.l94.2,400.0
Line.l94.3,400.0
Line.l95.2,400.0
Line.l96.1,400.0
Line.l96.2,400.0
Line.l96.3,400.0
Line.l97.1,400.0
Line.l97.2,400.0
Line.l97.3,400.0
Line.l98.1,400.0
Line.l98.2,400.0
Line.l98.3,400.0
Line.l99.1,400.0
Line.l99.2,400.0
Line.l99.3,400.0
Line.l100.1,400.0
Line.l100.2,400.0
Line.l100.3,400.0
Line.l101.3,400.0
Line.l102.1,400.0
Line.l102.2,400.0
Line.l102.3,400.0
Line.l103.3,400.0
Line.l104.3,400.0
Line.l105.2,400.0
Line.l106.1,400.0
Line.l106.2,400.0
Line.l106.3,400.0
Line.l107.2,400.0
Line.l108.1,400.0
Line.l109.1,400.0
Line.l109.2,400.0
Line.l109.3,400.0
Line.l110.1,400.0
Line.l111.1,400.0
Line.l112.1,400.0
Line.l113.1,400.0
Line.l114.1,400.0
Line.l115.1,400.0
Line.l115.2,400.0
Line.l115.3,400.0
Line.l116.1,400.0
Line.l116.2,400.0
Line.l116.3,400.0
Line.l117.1,400.0
Line.l117.2,400.0
Line.l117.3,400.0
Line.l118.1,400.0
Line.l118.2,400.0
Line.l118.3,400.0
Line.l119.1,400.0
Line.l119.2,400.0
Line.l119.3,400.0
Line.l120.1,400.0
Line.l120.2,400.0
Line.l120.3,400.0
Line.l121.1,400.0
Line.l121.2,400.0
Line.l121.3,400.0
Line.l122.1,400.0
Line.l122.2,400.0
Line.l122.3,400.0
Line.l123.1,400.0
Line.l123.2,400.0
Line.l123.3,400.0
Line.l124.1,400.0
Line.l124.2,400.0
Line.l124.3,400.0
Line.l125.1,400.0
Line.l125.2,400.0
Line.l125.3,400.0
